Vorname,Nachname,Stimmgruppe
Lily,Terry,S1
Stephanie,Mathis,S1
Natalie,Buckland,S1
Lillian,Chapman,S1
Hannah,Nash,S1
Jessica,Paterson,S2
Amanda,Pullman,S2
Melanie,Baker,S2
Maria,Mathis,S2
Leah,Howard,S2
Grace,Kerr,S2
Lily,Cameron,S2
Lillian,Quinn,S2/M
Caroline,Kerr,S2/M
Sally,Peters,S2/M
Amelia,Paige,S2/M
Dorothy,Payne,S2/M
Rachel,Edmunds,S2/M
Jessica,Ogden,S2/M
Irene,Payne,A1/M
Andrea,Robertson,A1/M
Nicola,Brown,A1/M
Anna,Manning,A1/M
Diana,Marshall,A1/M
Claire,Rees,A1/M
Vanessa,Wallace,A1/M
Joanne,Ellison,A1/M
Sarah,Fisher,A1/M
Deirdre,Graham,A2
Carolyn,Nolan,A2
Amy,Scott,A2
Melanie,Coleman,A2
Jennifer,Johnston,A2
Samantha,Mitchell,A2
Donna,Walker,A2
Vanessa,Jones,A2
Lisa,Black,A2
Abigail,Forsyth,A2
Audrey,Johnston,A2
Sean,Walsh,T1
Warren,Lewis,T1
Leonard,Watson,T1
Joshua,Chapman,T1
Oliver,Wright,T1
Jack,Henderson,T2
Gordon,Brown,T2
Joshua,Quinn,T2
David,Chapman,B1
Alan,Dickens,B1
Frank,Fraser,B1
Anthony,Walsh,B1
Michael,Manning,B1
Sam,Stewart,B1
Keith,Vaughan,B1
Robert,Ball,B1
Adam,Mills,B2
Edward,Payne,B2
Connor,Dowd,B2
Brian,Bower,B2
Max,Pullman,B2
Ryan,Bailey,B2
Alexander,Hill,B2
Matt,Howard,B2
Miles,Stone,D